{"cameraMode":{"drawMode":0,"name":"Shaded","section":"Shading Mode"},"sceneLighting":true,"audioPlay":false,"sceneViewState":{"m_AlwaysRefresh":false,"showFog":true,"showSkybox":true,"showFlares":true,"showImageEffects":true,"showParticleSystems":true,"showVisualEffectGraphs":true,"m_FxEnabled":true},"in2DMode":false,"pivot":{"x":3.3939106464385988,"y":5.200567722320557,"z":-0.17649072408676148},"rotation":{"x":0.23902453482151032,"y":-0.6623448729515076,"z":0.2364571988582611,"w":0.6695346832275391},"size":6.724890232086182,"orthographic":true}